5/15/2015 16:25,Hi @PilauRestaurant Do you have a press contact that I can get in touch with? Thanks!
5/15/2015 14:25,Looking forward to trying out @BullChinaShopE1 tonight - any recommendations? #bringonthecocktails
5/15/2015 9:51,RT @standardnews: Breaking: Chuka Umunna pulls out of Labour leadership race http://t.co/xGOhYpTesm http://t.co/nRp1pKXMQa
5/14/2015 8:18,"Wagamama's is trialling a breakfast menu... you know what this means @JuliaErrens, @TamsinPhillips, @tinymaddie: http://t.co/9HMzKtrlUL"
5/13/2015 12:40,Congratulations Lucy! The range looks ace üëè @Fashion_Me_Now @MissomaLondon
5/11/2015 15:57,Scientists have developed a new type of bean that will be able to withstand global warming: http://t.co/K1KF0HjKVG
5/9/2015 19:15,RT @thepescetarians: Put that takeaway menu away! Our melt-in-the-mouth miso aubergine #recipe is now live: https://t.co/yO24Lfe2DO #food h‚Ä¶
5/8/2015 15:53,Interesting https://t.co/eJKMrU5NkD
5/8/2015 15:51,Would you try anti-ageing chocolate? http://t.co/uj94DZMFKY http://t.co/wSWOUu00RB
5/7/2015 10:23,"RT @tinymaddie: ""The world has been broken by the previous generation, and Gen Z want to fix it"" @christianward at #ifstylus"
5/7/2015 8:56,RT @Rae_Blunstone: 'Maintaining luxury is about creating a cultural economy - spaces for brands to cultivate fan hubs' @katiebarontweet @St‚Ä¶
5/7/2015 8:55,"Whiskey brands @Milroys &amp; @TheGlenmorangie have created secret tasting rooms to engage, @katiebarontweet #ifstylus http://t.co/zmWq6L78UC"
5/7/2015 8:15,The functionality of a product is becoming the measure of how luxurious it is says @hayleyard #neweraluxury #ifstylus @Stylus_LIVE
