docId,filename,top topics, and contribution to doc ...
1,null-source,10,0.500,2,0.500
2,null-source,10,0.500,5,0.500
3,null-source,4,1.000
4,null-source,9,0.500,6,0.500
5,null-source,10,0.333,8,0.167,5,0.167,3,0.167,2,0.167
6,null-source,4,1.000
7,null-source,7,0.500,4,0.500
8,null-source,7,0.500,5,0.500
9,null-source,10,0.250,8,0.250,5,0.250,2,0.250
10,null-source,2,0.500,1,0.500
11,null-source,8,0.500,3,0.500
12,null-source,8,0.500,2,0.500
13,null-source,10,0.500,3,0.500
14,null-source,8,0.500,3,0.500
15,null-source,10,0.500,3,0.500
16,null-source,10,0.500,3,0.500
17,null-source,9,0.500,8,0.500
18,null-source,10,0.500,6,0.500
19,null-source,3,0.500,2,0.500
20,null-source,6,0.500,5,0.500
21,null-source,9,0.667,5,0.333
22,null-source,9,1.000
23,null-source,3,0.500,1,0.500
24,null-source,7,0.500,2,0.500
25,null-source,6,0.400,10,0.200,3,0.200,2,0.200
26,null-source,10,0.500,2,0.500
27,null-source,10,0.500,2,0.500
28,null-source,5,0.500,2,0.500
29,null-source,2,0.333,6,0.167,5,0.167,4,0.167,3,0.167
30,null-source,8,0.500,3,0.500
31,null-source,9,0.500,5,0.500
32,null-source,8,0.500,5,0.500
33,null-source,5,0.600,3,0.200,2,0.200
34,null-source,4,0.500,1,0.500
35,null-source,8,1.000
36,null-source,10,0.500,5,0.500
37,null-source,5,0.500,3,0.500
38,null-source,7,0.500,6,0.500
39,null-source,6,0.500,5,0.500
40,null-source,5,0.500,2,0.500
41,null-source,9,0.500,8,0.500
42,null-source,8,1.000
43,null-source,7,0.500,1,0.500
44,null-source,8,0.500,5,0.500
45,null-source,4,0.500,1,0.500
46,null-source,8,0.500,1,0.500
47,null-source,10,0.500,5,0.500
48,null-source,3,0.500,2,0.500
49,null-source,3,0.500,9,0.250,4,0.250
50,null-source,9,0.500,6,0.500
51,null-source,8,0.500,5,0.500
52,null-source,4,0.500,2,0.500
53,null-source,6,0.500,4,0.500
54,null-source,5,0.500,2,0.500
55,null-source,5,0.500,1,0.500
56,null-source,5,0.500,4,0.500
57,null-source,4,0.500,9,0.250,8,0.250
58,null-source,3,0.500,2,0.500
59,null-source,6,0.500,5,0.500
60,null-source,8,0.500,1,0.500
61,null-source,2,1.000
62,null-source,8,0.500,5,0.500
63,null-source,3,0.500,1,0.500
64,null-source,6,0.500,4,0.500
65,null-source,5,0.333,1,0.333,9,0.167,8,0.167
66,null-source,10,0.500,2,0.500
67,null-source,4,0.500,2,0.500
68,null-source,8,0.500,2,0.500
69,null-source,9,0.500,3,0.500
70,null-source,8,0.500,1,0.500
71,null-source,7,0.500,1,0.500
72,null-source,10,0.500,3,0.500
73,null-source,9,0.500,3,0.500
74,null-source,9,0.500,7,0.500
75,null-source,10,0.500,1,0.500
76,null-source,7,0.500,1,0.500
77,null-source,4,0.333,2,0.333,7,0.167,6,0.167
78,null-source,9,0.500,6,0.500
79,null-source,9,0.500,4,0.500
80,null-source,3,0.500,2,0.500
81,null-source,2,0.500,7,0.250,6,0.250
82,null-source,6,0.500,1,0.500
83,null-source,8,0.500,7,0.500
84,null-source,10,0.500,9,0.500
85,null-source,7,0.500,8,0.250,2,0.250
86,null-source,9,0.500,4,0.500
87,null-source,10,0.500,9,0.500
88,null-source,3,0.500,2,0.500
89,null-source,9,0.500,5,0.500
90,null-source,2,1.000
91,null-source,8,1.000
92,null-source,7,0.500,6,0.500
93,null-source,8,0.333,2,0.333,5,0.167,4,0.167
94,null-source,6,0.500,1,0.500
95,null-source,7,0.500,6,0.500
96,null-source,6,0.500,1,0.500
97,null-source,9,0.500,10,0.250,8,0.250
98,null-source,9,0.500,1,0.500
99,null-source,9,0.500,2,0.500
100,null-source,10,1.000
101,null-source,8,0.250,6,0.250,5,0.167,9,0.083,7,0.083,3,0.083,2,0.083
102,null-source,4,1.000
103,null-source,4,0.500,2,0.500
104,null-source,6,0.500,2,0.500
105,null-source,6,0.400,8,0.200,5,0.200,1,0.200
106,null-source,6,0.500,2,0.500
107,null-source,6,0.500,5,0.500
108,null-source,10,0.500,8,0.500
109,null-source,8,0.400,5,0.200,4,0.200,3,0.200
110,null-source,7,1.000
111,null-source,9,0.500,5,0.500
112,null-source,4,0.500,3,0.500
113,null-source,3,0.500,2,0.500
114,null-source,8,1.000
115,null-source,6,0.500,4,0.500
116,null-source,6,0.500,4,0.500
117,null-source,4,0.750,2,0.250
118,null-source,10,0.500,6,0.500
119,null-source,10,0.500,2,0.500
120,null-source,5,1.000
121,null-source,4,0.429,10,0.143,9,0.143,2,0.143,1,0.143
122,null-source,8,0.500,4,0.500
123,null-source,7,0.500,4,0.500
124,null-source,4,1.000
125,null-source,7,1.000
126,null-source,2,1.000
127,null-source,5,0.500,4,0.500
128,null-source,4,0.500,3,0.500
129,null-source,4,0.286,10,0.143,8,0.143,3,0.143,2,0.143,1,0.143
130,null-source,5,0.500,3,0.500
131,null-source,5,0.500,1,0.500
132,null-source,9,0.500,5,0.500
133,null-source,10,0.400,2,0.400,8,0.200
134,null-source,8,0.500,1,0.500
135,null-source,8,1.000
136,null-source,7,0.500,3,0.500
137,null-source,3,0.500,1,0.500
138,null-source,4,0.500,3,0.500
139,null-source,6,0.500,2,0.500
140,null-source,7,0.500,5,0.500
141,null-source,8,0.500,6,0.250,2,0.250
142,null-source,3,0.500,2,0.500
143,null-source,7,0.500,2,0.500
144,null-source,9,0.500,8,0.500
145,null-source,10,0.500,7,0.500
146,null-source,8,0.500,2,0.500
147,null-source,8,0.500,5,0.500
148,null-source,4,0.500,2,0.500
149,null-source,5,0.667,4,0.333
150,null-source,4,0.500,1,0.500
151,null-source,9,0.500,3,0.500
152,null-source,5,0.500,4,0.500
153,null-source,8,0.333,6,0.167,3,0.167,2,0.167,1,0.167
154,null-source,3,1.000
155,null-source,9,0.500,1,0.500
156,null-source,9,0.500,8,0.500
157,null-source,1,0.375,3,0.250,8,0.125,7,0.125,4,0.125
158,null-source,4,0.500,2,0.500
159,null-source,8,0.500,2,0.500
160,null-source,2,1.000
161,null-source,10,0.200,8,0.200,5,0.200,9,0.100,6,0.100,4,0.100,2,0.100
162,null-source,10,0.500,9,0.500
163,null-source,5,0.500,2,0.500
164,null-source,7,0.500,5,0.500
165,null-source,7,0.308,8,0.231,2,0.154,9,0.077,6,0.077,3,0.077,1,0.077
166,null-source,5,0.500,2,0.500
167,null-source,5,0.500,2,0.500
168,null-source,9,0.500,5,0.500
169,null-source,10,0.333,5,0.333,2,0.333
170,null-source,10,0.500,8,0.500
171,null-source,7,0.500,2,0.500
172,null-source,2,0.500,1,0.500
173,null-source,10,0.333,7,0.333,5,0.333
174,null-source,6,0.500,5,0.500
175,null-source,10,0.500,4,0.500
176,null-source,10,0.500,4,0.500
177,null-source,7,0.500,5,0.500
178,null-source,8,0.500,6,0.500
179,null-source,6,0.500,4,0.500
180,null-source,8,0.500,5,0.500
181,null-source,10,0.500,3,0.500
182,null-source,9,0.500,5,0.500
183,null-source,7,0.500,2,0.500
184,null-source,9,0.500,1,0.500
185,null-source,8,0.500,2,0.500
186,null-source,4,0.500,1,0.500
187,null-source,3,1.000
188,null-source,9,1.000
189,null-source,10,0.333,8,0.333,2,0.333
190,null-source,2,1.000
191,null-source,10,0.500,2,0.500
192,null-source,9,0.500,4,0.500
193,null-source,6,0.500,1,0.500
194,null-source,9,0.500,7,0.500
195,null-source,10,0.500,5,0.500
196,null-source,6,0.500,3,0.500
197,null-source,5,0.500,10,0.250,8,0.250
198,null-source,5,0.500,3,0.500
199,null-source,3,1.000
200,null-source,8,0.500,6,0.500
201,null-source,2,0.400,6,0.200,4,0.200,1,0.200
202,null-source,7,0.500,4,0.500
203,null-source,4,0.500,3,0.500
204,null-source,3,0.500,2,0.500
205,null-source,3,0.333,8,0.167,7,0.167,4,0.167,2,0.167
206,null-source,9,0.500,3,0.500
207,null-source,10,0.500,9,0.500
208,null-source,7,1.000
209,null-source,3,1.000
210,null-source,9,0.500,4,0.500
211,null-source,10,0.500,8,0.500
212,null-source,8,1.000
213,null-source,6,0.500,1,0.500
214,null-source,4,1.000
215,null-source,4,0.500,3,0.500
216,null-source,10,0.500,2,0.500
217,null-source,8,0.750,4,0.250
218,null-source,9,0.500,3,0.500
219,null-source,9,0.500,2,0.500
220,null-source,10,0.500,8,0.500
221,null-source,9,0.500,1,0.500
222,null-source,7,0.500,5,0.500
223,null-source,4,0.500,1,0.500
224,null-source,7,0.500,5,0.500
225,null-source,10,0.333,9,0.333,5,0.333
226,null-source,9,0.500,1,0.500
227,null-source,9,0.500,1,0.500
228,null-source,6,0.500,4,0.500
229,null-source,10,1.000
230,null-source,9,0.500,8,0.500
231,null-source,5,0.500,3,0.500
232,null-source,8,0.500,1,0.500
233,null-source,8,0.500,5,0.500
234,null-source,4,0.500,3,0.500
235,null-source,10,0.500,8,0.500
236,null-source,5,0.500,4,0.500
237,null-source,9,0.500,7,0.500
238,null-source,3,0.500,1,0.500
239,null-source,10,0.500,1,0.500
240,null-source,8,0.500,5,0.500
241,null-source,8,0.400,6,0.200,3,0.200,2,0.200
242,null-source,9,0.500,1,0.500
243,null-source,6,0.500,5,0.500
244,null-source,8,0.500,6,0.500
245,null-source,6,0.500,2,0.500
246,null-source,9,0.500,4,0.500
247,null-source,10,0.500,4,0.500
248,null-source,8,0.500,7,0.500
249,null-source,9,0.333,4,0.333,2,0.333
250,null-source,9,1.000
251,null-source,9,0.500,5,0.500
252,null-source,7,1.000
253,null-source,9,0.500,6,0.500
254,null-source,8,0.500,4,0.500
255,null-source,9,0.500,5,0.500
256,null-source,9,0.500,3,0.500
257,null-source,10,0.400,3,0.400,8,0.200
258,null-source,8,0.500,5,0.500
259,null-source,8,1.000
260,null-source,4,0.500,3,0.500
261,null-source,8,0.500,2,0.500
262,null-source,8,0.500,5,0.500
263,null-source,3,0.500,2,0.500
264,null-source,8,0.500,6,0.500
265,null-source,4,0.286,2,0.286,7,0.143,6,0.143,1,0.143
266,null-source,6,0.500,5,0.500
267,null-source,10,0.500,5,0.500
268,null-source,9,0.500,7,0.500
269,null-source,3,1.000
270,null-source,6,1.000
271,null-source,9,0.500,6,0.500
272,null-source,10,0.500,3,0.500
273,null-source,9,0.500,3,0.500
274,null-source,8,0.500,5,0.500
275,null-source,7,0.500,1,0.500
276,null-source,9,0.500,8,0.500
277,null-source,1,0.667,9,0.333
278,null-source,10,0.500,5,0.500
279,null-source,6,0.500,3,0.500
280,null-source,9,0.500,5,0.500
281,null-source,9,0.600,6,0.200,2,0.200
282,null-source,10,0.500,2,0.500
283,null-source,4,0.500,2,0.500
284,null-source,9,0.500,8,0.500
285,null-source,10,0.500,8,0.500
286,null-source,9,0.500,7,0.500
287,null-source,7,0.500,6,0.500
288,null-source,6,0.500,2,0.500
289,null-source,8,0.500,2,0.500
290,null-source,9,0.500,7,0.500
291,null-source,8,0.500,4,0.500
292,null-source,8,1.000
293,null-source,3,0.500,1,0.500
294,null-source,7,0.500,6,0.500
295,null-source,7,0.500,4,0.500
296,null-source,8,0.500,6,0.500
297,null-source,9,0.333,10,0.167,4,0.167,2,0.167,1,0.167
298,null-source,8,0.500,3,0.500
299,null-source,8,0.500,2,0.500
300,null-source,9,0.500,5,0.500
301,null-source,3,0.400,9,0.200,8,0.200,4,0.200
302,null-source,9,0.500,5,0.500
303,null-source,7,0.500,6,0.500
304,null-source,5,0.500,1,0.500
305,null-source,7,0.286,10,0.143,9,0.143,6,0.143,5,0.143,4,0.143
306,null-source,4,0.500,2,0.500
307,null-source,6,0.500,3,0.500
308,null-source,9,0.500,6,0.500
309,null-source,5,0.286,7,0.214,1,0.214,6,0.143,10,0.071,2,0.071
310,null-source,7,0.500,6,0.500
311,null-source,9,0.500,2,0.500
312,null-source,8,0.500,7,0.500
313,null-source,2,1.000
314,null-source,5,0.500,1,0.500
315,null-source,3,0.500,1,0.500
316,null-source,4,0.500,3,0.500
317,null-source,7,0.300,2,0.300,8,0.200,9,0.100,6,0.100
318,null-source,8,0.500,3,0.500
319,null-source,10,0.500,6,0.500
320,null-source,2,0.500,1,0.500
321,null-source,9,0.400,1,0.400,4,0.200
322,null-source,6,1.000
323,null-source,10,0.500,1,0.500
324,null-source,9,0.500,1,0.500
325,null-source,10,0.429,4,0.286,3,0.143,2,0.143
326,null-source,9,0.500,1,0.500
327,null-source,5,0.500,3,0.500
328,null-source,6,0.500,4,0.500
329,null-source,10,0.400,8,0.200,6,0.200,3,0.200
330,null-source,7,0.500,3,0.500
331,null-source,8,0.500,1,0.500
332,null-source,3,0.500,1,0.500
333,null-source,10,0.333,6,0.222,3,0.222,5,0.111,1,0.111
334,null-source,3,0.500,1,0.500
335,null-source,5,0.500,1,0.500
336,null-source,7,0.500,2,0.500
337,null-source,10,0.500,2,0.500
338,null-source,6,0.500,1,0.500
339,null-source,6,0.500,1,0.500
340,null-source,1,1.000
341,null-source,9,0.500,5,0.500
342,null-source,10,0.500,2,0.500
343,null-source,2,0.500,1,0.500
344,null-source,10,0.500,2,0.500
345,null-source,5,0.364,10,0.182,6,0.182,9,0.091,4,0.091,2,0.091
346,null-source,4,0.500,3,0.500
347,null-source,9,0.500,3,0.500
348,null-source,5,1.000
349,null-source,9,0.333,1,0.333,6,0.167,2,0.167
350,null-source,9,0.500,4,0.500
351,null-source,3,0.500,1,0.500
352,null-source,6,0.500,3,0.500
353,null-source,4,1.000
354,null-source,8,0.500,1,0.500
355,null-source,6,1.000
356,null-source,6,1.000
357,null-source,5,0.300,3,0.200,9,0.100,8,0.100,6,0.100,4,0.100,2,0.100
358,null-source,7,0.500,4,0.500
359,null-source,10,0.500,1,0.500
360,null-source,8,0.500,7,0.500
361,null-source,8,0.333,6,0.333,4,0.333
362,null-source,10,1.000
363,null-source,7,0.500,1,0.500
364,null-source,3,0.500,1,0.500
365,null-source,8,0.400,1,0.400,4,0.200
366,null-source,8,0.500,3,0.500
367,null-source,8,0.500,3,0.500
368,null-source,9,0.500,5,0.500
369,null-source,6,0.500,2,0.500
370,null-source,6,0.500,3,0.500
371,null-source,2,0.500,1,0.500
372,null-source,6,0.500,5,0.500
373,null-source,9,0.333,8,0.167,6,0.167,4,0.167,1,0.167
374,null-source,6,0.500,1,0.500
375,null-source,8,0.500,1,0.500
376,null-source,9,0.500,3,0.500
377,null-source,5,0.667,10,0.333
378,null-source,8,0.500,7,0.500
379,null-source,2,0.500,1,0.500
380,null-source,6,0.500,4,0.500
381,null-source,5,0.500,8,0.167,6,0.167,3,0.167
382,null-source,8,0.500,6,0.500
383,null-source,10,0.500,9,0.500
384,null-source,8,0.500,2,0.500
385,null-source,5,0.429,10,0.143,6,0.143,3,0.143,1,0.143
386,null-source,9,0.500,5,0.500
387,null-source,3,0.500,1,0.500
388,null-source,6,0.500,3,0.500
389,null-source,2,1.000
390,null-source,4,0.500,2,0.500
391,null-source,7,0.500,3,0.500
392,null-source,9,0.500,2,0.500
393,null-source,10,0.429,7,0.143,6,0.143,4,0.143,1,0.143
394,null-source,7,0.500,6,0.500
395,null-source,7,0.500,2,0.500
396,null-source,6,0.500,1,0.500
397,null-source,10,0.250,8,0.250,7,0.250,2,0.250
398,null-source,10,0.500,7,0.500
399,null-source,5,0.500,3,0.500
400,null-source,8,0.500,2,0.500
401,null-source,3,1.000
402,null-source,7,0.500,2,0.500
403,null-source,5,0.500,3,0.500
404,null-source,5,0.500,2,0.500
405,null-source,10,0.500,5,0.500
406,null-source,6,0.500,3,0.500
407,null-source,3,1.000
408,null-source,10,0.500,5,0.500
409,null-source,8,0.667,10,0.333
410,null-source,10,0.500,8,0.500
411,null-source,10,0.500,4,0.500
412,null-source,10,0.500,6,0.500
413,null-source,7,0.500,2,0.500
414,null-source,10,0.500,7,0.500
415,null-source,6,0.500,2,0.500
416,null-source,7,0.500,4,0.500
417,null-source,6,0.556,2,0.222,9,0.111,5,0.111
418,null-source,9,0.500,6,0.500
419,null-source,6,0.500,1,0.500
420,null-source,2,1.000
421,null-source,8,0.333,7,0.333,10,0.167,2,0.167
422,null-source,6,0.500,2,0.500
423,null-source,10,0.500,2,0.500
424,null-source,6,0.500,2,0.500
425,null-source,2,0.222,10,0.111,9,0.111,8,0.111,7,0.111,6,0.111,4,0.111,3,0.111
426,null-source,7,0.500,5,0.500
427,null-source,7,0.500,1,0.500
428,null-source,6,0.500,5,0.500
429,null-source,9,0.333,5,0.333,3,0.333
430,null-source,3,0.500,2,0.500
431,null-source,10,0.500,6,0.500
432,null-source,4,0.500,1,0.500
433,null-source,9,0.667,2,0.333
434,null-source,8,0.500,1,0.500
435,null-source,9,0.500,3,0.500
436,null-source,5,0.500,4,0.500
437,null-source,2,0.500,1,0.500
438,null-source,6,0.500,4,0.500
439,null-source,6,0.500,2,0.500
440,null-source,6,0.500,2,0.500
441,null-source,9,0.333,8,0.333,3,0.333
442,null-source,8,0.500,7,0.500
443,null-source,10,0.500,4,0.500
444,null-source,5,0.500,3,0.500
445,null-source,2,0.429,9,0.143,7,0.143,6,0.143,1,0.143
446,null-source,10,0.500,8,0.500
447,null-source,9,0.500,4,0.500
448,null-source,7,0.500,4,0.500
449,null-source,9,0.500,7,0.500
450,null-source,7,0.500,4,0.500
451,null-source,7,0.500,4,0.500
452,null-source,7,0.500,3,0.500
453,null-source,9,0.333,2,0.222,1,0.222,8,0.111,4,0.111
454,null-source,4,0.500,3,0.500
455,null-source,4,0.500,3,0.500
456,null-source,8,0.500,1,0.500
457,null-source,10,0.333,9,0.167,7,0.167,4,0.167,2,0.167
458,null-source,9,0.500,4,0.500
459,null-source,9,0.500,2,0.500
460,null-source,7,0.500,5,0.500
461,null-source,9,0.500,1,0.500
462,null-source,8,0.500,2,0.500
463,null-source,3,0.500,1,0.500
464,null-source,5,0.500,1,0.500
465,null-source,7,1.000
466,null-source,9,0.500,7,0.500
467,null-source,8,0.500,6,0.500
468,null-source,10,0.500,3,0.500
469,null-source,5,0.333,10,0.167,9,0.167,7,0.167,6,0.167
470,null-source,5,0.500,3,0.500
471,null-source,10,0.500,1,0.500
472,null-source,9,0.500,8,0.500
473,null-source,8,0.500,2,0.500
474,null-source,10,0.500,6,0.500
475,null-source,9,1.000
476,null-source,7,0.500,6,0.500
477,null-source,7,0.571,10,0.143,9,0.143,5,0.143
478,null-source,2,1.000
479,null-source,9,0.500,6,0.500
480,null-source,7,0.500,4,0.500
481,null-source,1,0.444,10,0.222,9,0.111,6,0.111,4,0.111
482,null-source,3,0.500,2,0.500
483,null-source,5,0.500,2,0.500
484,null-source,7,0.500,4,0.500
485,null-source,9,0.500,2,0.200,1,0.200,10,0.100
486,null-source,9,0.500,2,0.500
487,null-source,4,0.500,1,0.500
488,null-source,10,0.500,6,0.500
489,null-source,3,0.333,6,0.222,2,0.222,7,0.111,4,0.111
490,null-source,8,0.500,4,0.500
491,null-source,9,0.500,7,0.500
492,null-source,9,0.500,1,0.500
493,null-source,7,0.300,5,0.200,9,0.100,8,0.100,6,0.100,4,0.100,2,0.100
494,null-source,10,0.500,5,0.500
495,null-source,8,1.000
496,null-source,8,0.500,1,0.500
497,null-source,10,0.500,3,0.500
498,null-source,10,0.500,4,0.500
499,null-source,7,0.500,5,0.500
500,null-source,9,0.500,1,0.500
501,null-source,8,0.500,1,0.500
502,null-source,10,0.500,3,0.500
503,null-source,5,0.500,4,0.500
504,null-source,1,1.000
505,null-source,7,0.667,1,0.333
506,null-source,6,0.500,5,0.500
507,null-source,2,0.500,1,0.500
508,null-source,7,0.500,3,0.500
509,null-source,10,0.500,8,0.500
510,null-source,3,1.000
511,null-source,10,0.500,7,0.500
512,null-source,6,0.500,3,0.500
513,null-source,2,0.250,10,0.125,6,0.125,5,0.125,4,0.125,3,0.125,1,0.125
514,null-source,10,0.500,4,0.500
515,null-source,7,1.000
516,null-source,2,1.000
517,null-source,7,0.400,2,0.200,8,0.100,6,0.100,5,0.100,4,0.100
518,null-source,10,0.500,7,0.500
519,null-source,9,0.500,5,0.500
520,null-source,7,1.000
521,null-source,10,0.167,9,0.167,8,0.167,5,0.167,4,0.167,2,0.167
522,null-source,8,0.500,6,0.500
523,null-source,6,0.500,1,0.500
524,null-source,7,0.500,6,0.500
525,null-source,2,0.667,9,0.333
526,null-source,8,0.500,5,0.500
527,null-source,9,0.500,6,0.500
528,null-source,6,0.500,3,0.500
529,null-source,9,0.500,8,0.500
530,null-source,7,0.500,5,0.500
531,null-source,10,1.000
532,null-source,10,0.500,9,0.500
533,null-source,5,0.250,10,0.125,9,0.125,8,0.125,3,0.125,2,0.125,1,0.125
534,null-source,5,0.500,3,0.500
535,null-source,6,0.500,3,0.500
536,null-source,7,0.500,2,0.500
537,null-source,10,0.500,5,0.500
538,null-source,8,0.500,5,0.500
539,null-source,9,0.500,1,0.500
540,null-source,5,0.500,3,0.500
541,null-source,7,0.250,3,0.250,2,0.250,1,0.250
542,null-source,5,0.500,2,0.500
543,null-source,10,0.500,6,0.500
544,null-source,10,0.500,4,0.500
545,null-source,10,0.750,5,0.250
546,null-source,7,0.500,6,0.500
547,null-source,9,0.500,8,0.500
548,null-source,10,0.500,6,0.500
549,null-source,10,0.500,9,0.250,4,0.250
550,null-source,9,0.500,1,0.500
551,null-source,9,0.500,3,0.500
552,null-source,10,1.000
553,null-source,9,0.429,10,0.286,4,0.143,2,0.143
554,null-source,5,0.500,4,0.500
555,null-source,9,0.500,7,0.500
556,null-source,8,0.500,6,0.500
557,null-source,3,0.200,2,0.200,1,0.200,9,0.100,8,0.100,7,0.100,5,0.100
558,null-source,9,0.500,4,0.500
559,null-source,4,0.500,3,0.500
560,null-source,7,0.500,6,0.500
561,null-source,3,1.000
562,null-source,8,0.500,6,0.500
563,null-source,8,0.500,4,0.500
564,null-source,7,0.500,1,0.500
565,null-source,8,0.750,2,0.250
566,null-source,2,0.500,1,0.500
567,null-source,8,0.500,1,0.500
568,null-source,8,0.500,6,0.500
569,null-source,2,0.286,9,0.143,8,0.143,5,0.143,4,0.143,1,0.143
570,null-source,8,0.500,2,0.500
571,null-source,10,0.500,9,0.500
572,null-source,10,0.500,3,0.500
573,null-source,10,0.333,8,0.333,3,0.333
574,null-source,5,0.500,3,0.500
575,null-source,8,0.500,2,0.500
576,null-source,9,0.500,4,0.500
577,null-source,10,0.300,1,0.300,8,0.100,7,0.100,6,0.100,5,0.100
578,null-source,6,0.500,5,0.500
579,null-source,7,0.500,1,0.500
580,null-source,5,0.500,3,0.500
581,null-source,10,0.333,8,0.333,3,0.333
582,null-source,10,0.500,1,0.500
583,null-source,8,1.000
584,null-source,10,0.500,3,0.500
585,null-source,4,0.333,1,0.333,10,0.167,8,0.167
586,null-source,8,1.000
587,null-source,9,0.500,6,0.500
588,null-source,7,0.500,4,0.500
589,null-source,1,0.333,10,0.167,7,0.167,6,0.167,5,0.167
590,null-source,9,0.500,3,0.500
591,null-source,7,0.500,5,0.500
592,null-source,3,0.500,1,0.500
593,null-source,7,0.300,10,0.200,6,0.100,4,0.100,3,0.100,2,0.100,1,0.100
594,null-source,7,0.500,3,0.500
595,null-source,3,0.500,2,0.500
596,null-source,9,0.500,1,0.500
597,null-source,9,0.400,10,0.100,8,0.100,7,0.100,5,0.100,2,0.100,1,0.100
598,null-source,10,0.500,8,0.500
599,null-source,6,0.500,5,0.500
600,null-source,5,0.500,4,0.500
601,null-source,10,0.333,7,0.333,2,0.333
602,null-source,9,0.500,5,0.500
603,null-source,9,0.500,8,0.500
604,null-source,10,0.500,5,0.500
605,null-source,2,0.500,8,0.250,4,0.250
606,null-source,4,0.500,1,0.500
607,null-source,8,0.500,4,0.500
608,null-source,7,0.500,6,0.500
609,null-source,2,1.000
610,null-source,7,0.500,4,0.500
611,null-source,10,0.500,2,0.500
612,null-source,3,0.500,2,0.500
613,null-source,1,0.333,10,0.167,9,0.167,4,0.167,3,0.167
614,null-source,7,0.500,2,0.500
615,null-source,9,0.500,1,0.500
616,null-source,8,0.500,4,0.500
617,null-source,7,0.333,3,0.333,2,0.167,1,0.167
618,null-source,6,0.500,3,0.500
619,null-source,7,0.500,6,0.500
620,null-source,5,0.500,4,0.500
621,null-source,4,0.500,10,0.250,2,0.250
622,null-source,7,0.500,5,0.500
623,null-source,10,0.500,4,0.500
624,null-source,4,0.500,2,0.500
625,null-source,4,0.500,3,0.500
626,null-source,8,0.500,4,0.500
627,null-source,8,0.500,3,0.500
628,null-source,9,0.500,8,0.500
629,null-source,6,0.300,10,0.100,7,0.100,5,0.100,4,0.100,3,0.100,2,0.100,1,0.100
630,null-source,2,1.000
631,null-source,10,0.500,5,0.500
632,null-source,7,0.500,6,0.500
633,null-source,10,0.250,9,0.250,7,0.250,2,0.250
634,null-source,7,0.500,5,0.500
635,null-source,8,0.500,2,0.500
636,null-source,8,0.500,5,0.500
637,null-source,2,0.333,10,0.167,8,0.167,7,0.167,4,0.167
638,null-source,7,0.500,5,0.500
639,null-source,5,0.500,3,0.500
640,null-source,4,0.500,2,0.500
641,null-source,7,0.286,4,0.286,9,0.143,5,0.143,2,0.143
642,null-source,10,0.500,1,0.500
643,null-source,6,0.500,1,0.500
644,null-source,6,0.500,2,0.500
645,null-source,10,0.444,3,0.222,9,0.111,6,0.111,1,0.111
646,null-source,6,0.500,4,0.500
647,null-source,3,1.000
648,null-source,7,0.500,3,0.500
649,null-source,2,0.500,1,0.500
650,null-source,6,0.500,1,0.500
651,null-source,10,0.500,6,0.500
652,null-source,5,0.500,2,0.500
653,null-source,9,0.400,8,0.200,5,0.200,4,0.200
654,null-source,10,0.500,1,0.500
655,null-source,6,0.500,5,0.500
656,null-source,9,0.500,5,0.500
657,null-source,2,0.429,6,0.286,7,0.143,4,0.143
658,null-source,7,0.500,3,0.500
659,null-source,9,0.500,8,0.500
660,null-source,5,0.500,3,0.500
661,null-source,6,0.333,5,0.333,2,0.333
662,null-source,7,0.500,2,0.500
663,null-source,7,0.500,2,0.500
664,null-source,9,0.500,6,0.500
665,null-source,10,0.500,8,0.500
666,null-source,7,0.500,5,0.500
667,null-source,7,0.500,5,0.500
668,null-source,8,0.500,5,0.500
669,null-source,5,0.500,2,0.500
670,null-source,8,0.500,7,0.500
671,null-source,6,0.500,4,0.500
672,null-source,2,1.000
673,null-source,5,0.500,1,0.500
674,null-source,7,0.500,3,0.500
675,null-source,10,0.500,6,0.500
676,null-source,5,0.500,3,0.500
677,null-source,8,0.500,2,0.500
678,null-source,10,0.500,4,0.500
679,null-source,7,0.500,6,0.500
680,null-source,8,0.500,1,0.500
681,null-source,6,0.500,4,0.500
682,null-source,9,0.500,2,0.500
683,null-source,10,0.500,8,0.500
684,null-source,6,0.500,5,0.500
685,null-source,10,0.500,9,0.500
686,null-source,9,0.500,7,0.500
687,null-source,3,0.500,1,0.500
688,null-source,9,0.500,1,0.500
689,null-source,9,0.500,8,0.500
690,null-source,7,0.500,3,0.500
691,null-source,9,0.500,4,0.500
692,null-source,10,0.500,5,0.500
693,null-source,8,0.500,6,0.500
694,null-source,9,0.500,5,0.500
695,null-source,7,0.500,5,0.500
696,null-source,7,0.500,3,0.500
697,null-source,7,0.500,5,0.500
698,null-source,5,0.500,3,0.500
699,null-source,8,0.500,4,0.500
700,null-source,7,1.000
701,null-source,10,0.500,8,0.500
702,null-source,5,0.500,3,0.500
703,null-source,9,0.500,1,0.500
704,null-source,5,0.500,1,0.500
705,null-source,7,0.500,5,0.500
706,null-source,6,0.500,3,0.500
707,null-source,9,0.500,5,0.500
708,null-source,8,0.500,2,0.500
709,null-source,4,0.500,2,0.500
710,null-source,10,0.500,5,0.500
711,null-source,5,0.500,1,0.500
712,null-source,9,1.000
713,null-source,9,0.500,7,0.500
714,null-source,9,0.500,7,0.500
715,null-source,6,0.500,5,0.500
716,null-source,9,0.500,1,0.500
717,null-source,8,0.500,5,0.500
718,null-source,10,0.500,2,0.500
719,null-source,6,0.500,4,0.500
720,null-source,7,0.500,3,0.500
721,null-source,2,1.000
722,null-source,10,0.500,7,0.500
723,null-source,9,0.500,5,0.500
724,null-source,8,0.500,2,0.500
725,null-source,10,0.500,3,0.500
726,null-source,4,0.500,3,0.500
727,null-source,5,0.500,4,0.500
728,null-source,10,0.500,1,0.500
729,null-source,10,0.500,1,0.500
730,null-source,7,0.500,6,0.500
731,null-source,7,0.500,1,0.500
732,null-source,3,1.000
733,null-source,8,0.500,4,0.500
734,null-source,6,0.500,5,0.500
735,null-source,10,0.500,7,0.500
736,null-source,10,0.500,2,0.500
737,null-source,7,0.250,3,0.250,2,0.250,10,0.125,6,0.125
738,null-source,3,0.500,1,0.500
739,null-source,9,1.000
740,null-source,7,0.500,4,0.500
741,null-source,9,0.500,5,0.500
742,null-source,2,0.500,1,0.500
743,null-source,10,0.500,8,0.500
744,null-source,9,0.500,3,0.500
745,null-source,2,1.000
746,null-source,3,0.500,2,0.500
747,null-source,9,0.500,8,0.500
748,null-source,3,1.000
749,null-source,6,0.500,4,0.500
750,null-source,10,0.500,9,0.500
751,null-source,5,0.500,3,0.500
752,null-source,3,0.500,2,0.500
753,null-source,10,0.500,3,0.500
754,null-source,7,0.500,3,0.500
755,null-source,9,0.500,4,0.500
756,null-source,4,0.500,1,0.500
757,null-source,6,0.500,4,0.500
758,null-source,9,0.500,7,0.500
759,null-source,6,1.000
760,null-source,1,1.000
761,null-source,9,0.500,10,0.167,5,0.167,4,0.167
762,null-source,8,0.500,7,0.500
763,null-source,6,0.500,5,0.500
764,null-source,6,0.500,2,0.500
765,null-source,10,0.222,9,0.222,2,0.222,7,0.111,5,0.111,3,0.111
766,null-source,4,0.500,1,0.500
767,null-source,10,0.500,4,0.500
768,null-source,5,0.500,1,0.500
769,null-source,5,0.500,2,0.500
770,null-source,4,1.000
771,null-source,8,0.500,4,0.500
772,null-source,3,0.500,1,0.500
773,null-source,7,0.333,3,0.333,1,0.333
774,null-source,8,0.500,4,0.500
775,null-source,9,0.500,8,0.500
776,null-source,10,0.500,5,0.500
777,null-source,9,0.333,7,0.333,5,0.333
778,null-source,6,0.500,5,0.500
779,null-source,5,1.000
780,null-source,5,0.500,3,0.500
781,null-source,8,0.500,1,0.500
782,null-source,10,0.500,9,0.500
783,null-source,7,0.500,6,0.500
784,null-source,6,0.500,1,0.500
785,null-source,2,0.250,1,0.250,10,0.125,9,0.125,8,0.125,6,0.125
786,null-source,9,0.500,7,0.500
787,null-source,4,0.500,2,0.500
788,null-source,2,0.500,1,0.500
789,null-source,5,0.500,10,0.250,7,0.250
790,null-source,10,0.500,9,0.500
791,null-source,7,0.500,1,0.500
792,null-source,9,0.500,6,0.500
793,null-source,9,0.500,4,0.500
794,null-source,6,0.500,2,0.500
795,null-source,10,0.500,5,0.500
796,null-source,6,0.500,3,0.500
797,null-source,9,0.375,10,0.125,7,0.125,4,0.125,3,0.125,1,0.125
798,null-source,4,0.500,3,0.500
799,null-source,5,0.500,1,0.500
800,null-source,7,0.500,5,0.500
801,null-source,8,0.500,2,0.500
802,null-source,5,0.500,3,0.500
803,null-source,10,0.500,4,0.500
804,null-source,10,0.500,1,0.500
805,null-source,7,0.500,2,0.500
806,null-source,10,0.500,7,0.500
807,null-source,8,0.500,6,0.500
808,null-source,7,0.500,3,0.500
809,null-source,3,0.500,10,0.250,2,0.250
810,null-source,8,0.500,4,0.500
811,null-source,10,1.000
812,null-source,6,0.500,1,0.500
813,null-source,9,0.500,4,0.500
814,null-source,7,0.500,5,0.500
815,null-source,3,0.500,1,0.500
816,null-source,2,0.500,1,0.500
817,null-source,7,0.500,6,0.100,5,0.100,4,0.100,3,0.100,1,0.100
818,null-source,9,0.500,6,0.500
819,null-source,9,0.500,1,0.500
820,null-source,7,0.500,3,0.500
821,null-source,8,0.500,1,0.500
822,null-source,4,0.500,1,0.500
823,null-source,7,0.500,5,0.500
824,null-source,8,0.500,3,0.500
825,null-source,5,1.000
826,null-source,7,0.500,2,0.500
827,null-source,9,0.500,1,0.500
828,null-source,7,0.500,4,0.500
829,null-source,5,0.500,3,0.250,10,0.125,6,0.125
830,null-source,1,1.000
831,null-source,4,0.500,2,0.500
832,null-source,10,0.500,2,0.500
833,null-source,1,0.333,6,0.222,10,0.111,8,0.111,4,0.111,2,0.111
834,null-source,6,0.500,5,0.500
835,null-source,4,0.500,3,0.500
836,null-source,3,0.500,1,0.500
837,null-source,1,0.444,7,0.222,9,0.111,6,0.111,2,0.111
838,null-source,6,0.500,5,0.500
839,null-source,8,0.500,6,0.500
840,null-source,9,0.500,3,0.500
841,null-source,10,0.333,6,0.333,4,0.333
842,null-source,8,0.500,2,0.500
843,null-source,10,0.500,7,0.500
844,null-source,8,0.500,7,0.500
845,null-source,10,0.333,9,0.333,5,0.333
846,null-source,7,0.500,4,0.500
847,null-source,10,0.500,1,0.500
848,null-source,5,0.500,3,0.500
849,null-source,6,0.375,10,0.250,7,0.250,5,0.125
850,null-source,9,1.000
851,null-source,8,0.500,7,0.500
852,null-source,8,1.000
853,null-source,9,0.300,6,0.200,4,0.200,10,0.100,5,0.100,2,0.100
854,null-source,7,0.500,4,0.500
855,null-source,8,0.500,2,0.500
856,null-source,5,1.000
857,null-source,4,0.333,10,0.167,9,0.167,8,0.167,1,0.167
858,null-source,8,0.500,6,0.500
859,null-source,8,0.500,5,0.500
860,null-source,8,0.500,7,0.500
861,null-source,7,0.400,2,0.400,4,0.200
862,null-source,7,0.500,1,0.500
863,null-source,10,0.500,4,0.500
864,null-source,10,0.500,1,0.500
865,null-source,8,0.500,1,0.500
866,null-source,10,0.500,4,0.500
867,null-source,2,0.500,1,0.500
868,null-source,10,0.500,5,0.500
869,null-source,7,0.500,6,0.250,4,0.250
870,null-source,9,0.500,2,0.500
871,null-source,4,0.500,1,0.500
872,null-source,10,0.500,1,0.500
873,null-source,7,0.250,1,0.250,3,0.167,9,0.083,8,0.083,5,0.083,2,0.083
874,null-source,6,0.500,5,0.500
875,null-source,10,0.500,7,0.500
876,null-source,7,0.500,3,0.500
877,null-source,7,0.333,5,0.333,4,0.333
878,null-source,9,0.500,4,0.500
879,null-source,9,0.500,3,0.500
880,null-source,6,0.500,3,0.500
881,null-source,8,0.500,1,0.500
882,null-source,5,0.500,1,0.500
883,null-source,6,0.500,2,0.500
884,null-source,10,1.000
885,null-source,10,0.500,6,0.500
886,null-source,9,0.500,3,0.500
887,null-source,10,0.500,6,0.500
888,null-source,4,0.500,2,0.500
889,null-source,2,0.500,1,0.500
890,null-source,8,0.500,6,0.500
891,null-source,8,0.500,6,0.500
892,null-source,9,0.500,2,0.500
893,null-source,8,0.300,6,0.200,2,0.200,9,0.100,7,0.100,3,0.100
894,null-source,9,0.500,5,0.500
895,null-source,4,0.500,3,0.500
896,null-source,10,0.500,6,0.500
897,null-source,10,0.250,9,0.250,6,0.250,1,0.250
898,null-source,5,0.500,1,0.500
899,null-source,9,1.000
900,null-source,10,0.500,2,0.500
901,null-source,10,0.333,9,0.333,4,0.333
902,null-source,8,0.500,5,0.500
903,null-source,4,0.500,2,0.500
904,null-source,7,0.500,2,0.500
905,null-source,3,0.500,9,0.250,1,0.250
906,null-source,10,0.500,1,0.500
907,null-source,10,0.500,1,0.500
908,null-source,7,0.500,4,0.500
909,null-source,8,0.286,2,0.286,10,0.143,6,0.143,5,0.143
910,null-source,8,0.500,5,0.500
911,null-source,6,0.500,3,0.500
912,null-source,8,1.000
913,null-source,6,0.400,5,0.200,3,0.200,2,0.200
914,null-source,9,0.500,7,0.500
915,null-source,9,0.500,8,0.500
916,null-source,8,0.500,7,0.500
917,null-source,1,0.333,8,0.222,10,0.111,6,0.111,5,0.111,2,0.111
918,null-source,2,1.000
919,null-source,7,0.500,4,0.500
920,null-source,10,0.500,1,0.500
921,null-source,3,0.429,7,0.286,10,0.143,9,0.143
922,null-source,5,0.500,4,0.500
923,null-source,9,0.500,4,0.500
924,null-source,2,0.500,1,0.500
925,null-source,9,0.333,7,0.333,2,0.333
926,null-source,10,0.500,7,0.500
927,null-source,3,0.500,2,0.500
928,null-source,7,0.500,4,0.500
929,null-source,10,0.333,7,0.333,1,0.333
930,null-source,10,0.500,6,0.500
931,null-source,2,0.500,1,0.500
932,null-source,10,0.500,3,0.500
933,null-source,3,0.286,10,0.143,8,0.143,7,0.143,4,0.143,1,0.143
934,null-source,6,0.500,2,0.500
935,null-source,8,0.500,3,0.500
936,null-source,10,0.500,6,0.500
937,null-source,8,0.167,6,0.167,5,0.167,4,0.167,2,0.167,1,0.167
938,null-source,6,0.500,1,0.500
939,null-source,9,0.500,8,0.500
940,null-source,8,0.500,6,0.500
941,null-source,8,0.333,6,0.333,3,0.333
942,null-source,10,0.500,5,0.500
943,null-source,5,0.500,4,0.500
944,null-source,10,0.500,3,0.500
945,null-source,6,0.500,1,0.500
946,null-source,9,0.500,2,0.500
947,null-source,10,0.500,1,0.500
948,null-source,9,0.500,1,0.500
949,null-source,5,0.222,1,0.222,10,0.111,9,0.111,6,0.111,3,0.111,2,0.111
950,null-source,6,1.000
951,null-source,10,0.500,8,0.500
952,null-source,9,0.500,6,0.500
953,null-source,10,0.333,7,0.333,3,0.333
954,null-source,10,0.500,6,0.500
955,null-source,5,0.500,4,0.500
956,null-source,10,0.500,6,0.500
957,null-source,7,0.250,2,0.250,10,0.125,8,0.125,4,0.125,1,0.125
958,null-source,5,0.500,4,0.500
959,null-source,9,0.500,7,0.500
960,null-source,10,0.500,7,0.500
961,null-source,7,0.250,4,0.250,1,0.250,3,0.125,2,0.125
962,null-source,10,0.500,3,0.500
963,null-source,7,0.500,3,0.500
964,null-source,9,0.500,3,0.500
965,null-source,5,0.455,10,0.182,9,0.182,6,0.091,1,0.091
966,null-source,4,1.000
967,null-source,7,0.500,6,0.500
968,null-source,8,0.500,7,0.500
969,null-source,5,0.500,1,0.500
970,null-source,9,0.500,5,0.500
971,null-source,9,0.500,4,0.500
972,null-source,9,0.500,1,0.500
973,null-source,9,0.222,5,0.222,10,0.111,8,0.111,7,0.111,3,0.111,2,0.111
974,null-source,10,0.500,2,0.500
975,null-source,10,0.500,7,0.500
976,null-source,6,0.500,2,0.500
977,null-source,2,0.286,10,0.143,7,0.143,6,0.143,5,0.143,4,0.143
978,null-source,5,0.500,2,0.500
979,null-source,10,0.500,7,0.500
980,null-source,10,0.500,7,0.500
981,null-source,9,0.400,1,0.400,6,0.200
982,null-source,7,1.000
983,null-source,10,0.500,3,0.500
984,null-source,2,0.500,1,0.500
985,null-source,8,0.333,4,0.222,7,0.111,6,0.111,2,0.111,1,0.111
986,null-source,8,0.500,3,0.500
987,null-source,8,0.500,3,0.500
988,null-source,9,1.000
989,null-source,5,0.667,1,0.333
990,null-source,9,1.000
991,null-source,7,0.500,3,0.500
992,null-source,4,0.500,3,0.500
993,null-source,10,0.200,8,0.200,5,0.200,2,0.200,1,0.200
994,null-source,7,0.500,2,0.500
995,null-source,8,0.500,5,0.500
996,null-source,8,0.500,3,0.500
997,null-source,3,0.250,10,0.125,9,0.125,8,0.125,7,0.125,6,0.125,2,0.125
998,null-source,10,1.000
999,null-source,7,0.500,5,0.500
1000,null-source,4,1.000
1001,null-source,9,0.250,3,0.250,8,0.125,7,0.125,4,0.125,1,0.125
1002,null-source,9,0.500,1,0.500
1003,null-source,9,0.500,2,0.500
1004,null-source,7,0.500,5,0.500
1005,null-source,9,0.333,2,0.222,10,0.111,7,0.111,4,0.111,3,0.111
1006,null-source,10,0.500,7,0.500
1007,null-source,6,0.500,5,0.500
1008,null-source,6,0.500,3,0.500
1009,null-source,9,0.200,6,0.200,5,0.200,3,0.200,2,0.200
1010,null-source,8,0.500,1,0.500
1011,null-source,10,1.000
1012,null-source,8,0.500,1,0.500
1013,null-source,9,0.333,5,0.333,1,0.333
1014,null-source,5,0.500,4,0.500
1015,null-source,8,0.500,6,0.500
1016,null-source,2,0.500,1,0.500
1017,null-source,8,0.500,6,0.500
1018,null-source,4,0.500,1,0.500
1019,null-source,6,0.500,5,0.500
1020,null-source,10,0.500,1,0.500
1021,null-source,6,0.400,10,0.200,7,0.200,4,0.200
1022,null-source,10,0.500,6,0.500
1023,null-source,8,0.500,6,0.500
1024,null-source,7,0.500,2,0.500
1025,null-source,8,0.500,7,0.250,4,0.250
1026,null-source,10,0.500,3,0.500
1027,null-source,9,0.500,3,0.500
1028,null-source,10,0.500,6,0.500
1029,null-source,10,0.333,5,0.333,4,0.333
1030,null-source,10,0.500,3,0.500
1031,null-source,10,0.500,3,0.500
1032,null-source,8,0.500,2,0.500
1033,null-source,10,0.333,9,0.167,7,0.167,6,0.167,4,0.167
1034,null-source,9,0.500,1,0.500
1035,null-source,7,0.500,2,0.500
1036,null-source,3,1.000
1037,null-source,8,0.333,7,0.333,2,0.222,1,0.111
1038,null-source,6,0.500,1,0.500
1039,null-source,10,0.500,6,0.500
1040,null-source,5,0.500,2,0.500
1041,null-source,5,0.500,2,0.500
1042,null-source,4,1.000
1043,null-source,2,0.500,1,0.500
1044,null-source,10,0.500,3,0.500
1045,null-source,10,0.333,7,0.333,1,0.333
1046,null-source,6,0.500,3,0.500
1047,null-source,8,0.500,6,0.500
1048,null-source,5,0.500,2,0.500
1049,null-source,10,0.200,7,0.200,4,0.200,3,0.200,2,0.200
1050,null-source,7,0.500,3,0.500
1051,null-source,9,0.500,8,0.500
1052,null-source,9,0.500,3,0.500
1053,null-source,10,0.273,7,0.182,3,0.182,2,0.182,6,0.091,5,0.091
1054,null-source,8,0.500,6,0.500
1055,null-source,6,0.500,3,0.500
1056,null-source,9,0.500,2,0.500
1057,null-source,10,0.167,7,0.167,6,0.167,5,0.167,4,0.167,2,0.167
1058,null-source,9,0.500,5,0.500
1059,null-source,5,0.500,3,0.500
1060,null-source,10,1.000
1061,null-source,10,0.250,8,0.250,4,0.250,1,0.250
1062,null-source,9,0.500,4,0.500
1063,null-source,3,0.500,1,0.500
1064,null-source,10,0.500,8,0.500
1065,null-source,5,0.500,2,0.500
1066,null-source,6,0.500,3,0.500
1067,null-source,9,0.500,3,0.500
1068,null-source,5,0.500,4,0.500
1069,null-source,7,0.500,4,0.500
1070,null-source,3,0.500,1,0.500
1071,null-source,2,0.500,1,0.500
1072,null-source,5,1.000
1073,null-source,6,1.000
1074,null-source,10,0.500,7,0.500
1075,null-source,10,1.000
1076,null-source,4,0.500,1,0.500
1077,null-source,4,0.333,9,0.222,1,0.222,5,0.111,2,0.111
1078,null-source,10,0.500,8,0.500
1079,null-source,8,0.500,5,0.500
1080,null-source,2,1.000
1081,null-source,6,0.600,8,0.200,5,0.200
1082,null-source,6,0.500,2,0.500
1083,null-source,7,0.500,2,0.500
1084,null-source,4,0.500,3,0.500
1085,null-source,6,0.375,5,0.250,1,0.250,2,0.125
1086,null-source,3,0.500,1,0.500
1087,null-source,2,0.500,1,0.500
1088,null-source,7,0.500,4,0.500
1089,null-source,10,0.333,5,0.333,1,0.333
1090,null-source,10,1.000
1091,null-source,9,0.500,5,0.500
1092,null-source,4,0.500,1,0.500
1093,null-source,5,0.500,3,0.500
1094,null-source,6,0.500,4,0.500
1095,null-source,8,0.500,7,0.500
1096,null-source,4,0.500,2,0.500
1097,null-source,5,0.444,7,0.222,8,0.111,4,0.111,2,0.111
1098,null-source,7,0.500,5,0.500
1099,null-source,3,0.500,2,0.500
1100,null-source,7,0.500,6,0.500
1101,null-source,3,0.500,1,0.500
1102,null-source,4,0.500,3,0.500
1103,null-source,6,0.500,3,0.500
1104,null-source,9,0.500,5,0.500
1105,null-source,7,0.375,9,0.250,8,0.125,6,0.125,5,0.125
1106,null-source,7,0.500,4,0.500
1107,null-source,4,0.500,1,0.500
1108,null-source,3,0.500,2,0.500
1109,null-source,9,0.500,8,0.500
1110,null-source,8,0.500,7,0.500
1111,null-source,6,0.500,4,0.500
1112,null-source,8,0.500,6,0.500
1113,null-source,8,0.286,3,0.286,2,0.286,5,0.143
1114,null-source,5,0.500,2,0.500
1115,null-source,3,0.500,1,0.500
1116,null-source,6,0.500,1,0.500
1117,null-source,5,0.500,1,0.500
1118,null-source,8,0.500,4,0.500
1119,null-source,10,0.500,6,0.500
1120,null-source,9,0.500,3,0.500
1121,null-source,5,0.333,1,0.333,9,0.167,6,0.167
1122,null-source,5,0.500,1,0.500
1123,null-source,10,0.500,4,0.500
1124,null-source,6,0.500,2,0.500
1125,null-source,5,0.500,3,0.500
1126,null-source,9,0.500,7,0.500
1127,null-source,7,0.500,6,0.500
1128,null-source,9,0.500,8,0.500
1129,null-source,1,0.333,2,0.222,8,0.111,7,0.111,5,0.111,4,0.111
1130,null-source,9,0.500,3,0.500
1131,null-source,6,0.500,5,0.500
1132,null-source,10,0.500,9,0.500
1133,null-source,6,0.400,9,0.200,4,0.200,1,0.200
1134,null-source,5,0.500,1,0.500
1135,null-source,5,0.500,3,0.500
1136,null-source,9,0.500,1,0.500
1137,null-source,10,0.500,6,0.500
1138,null-source,6,1.000
1139,null-source,7,0.500,4,0.500
1140,null-source,7,0.500,4,0.500
1141,null-source,2,0.333,4,0.222,9,0.111,8,0.111,5,0.111,1,0.111
1142,null-source,9,0.500,1,0.500
1143,null-source,9,0.500,4,0.500
1144,null-source,5,0.500,1,0.500
1145,null-source,8,0.333,6,0.333,1,0.333
1146,null-source,9,0.500,3,0.500
1147,null-source,7,0.500,5,0.500
1148,null-source,9,0.500,4,0.500
1149,null-source,3,0.667,4,0.167,2,0.167
1150,null-source,7,1.000
1151,null-source,10,0.500,4,0.500
1152,null-source,5,0.500,1,0.500
1153,null-source,4,0.500,9,0.125,6,0.125,5,0.125,1,0.125
1154,null-source,6,0.500,2,0.500
1155,null-source,8,0.500,5,0.500
1156,null-source,8,0.500,4,0.500
1157,null-source,8,0.500,5,0.500
1158,null-source,7,0.500,5,0.500
1159,null-source,3,1.000
1160,null-source,10,0.500,8,0.500
1161,null-source,8,0.500,2,0.250,5,0.125,1,0.125
1162,null-source,6,0.500,3,0.500
1163,null-source,9,0.500,6,0.500
1164,null-source,4,0.500,2,0.500
1165,null-source,8,0.333,10,0.167,7,0.167,4,0.167,1,0.167
1166,null-source,10,0.500,7,0.500
1167,null-source,6,0.500,5,0.500
1168,null-source,4,0.500,1,0.500
1169,null-source,8,0.250,5,0.250,4,0.250,2,0.250
1170,null-source,7,0.500,5,0.500
1171,null-source,9,0.500,1,0.500
1172,null-source,1,1.000
1173,null-source,7,0.500,4,0.500
1174,null-source,8,0.500,5,0.500
1175,null-source,9,0.500,2,0.500
1176,null-source,8,0.500,3,0.500
1177,null-source,6,0.250,10,0.125,9,0.125,8,0.125,7,0.125,4,0.125,2,0.125
1178,null-source,4,1.000
1179,null-source,10,0.500,1,0.500
1180,null-source,7,0.500,2,0.500
1181,null-source,6,0.333,5,0.333,3,0.167,1,0.167
1182,null-source,7,0.500,6,0.500
1183,null-source,9,0.500,4,0.500
1184,null-source,10,1.000
1185,null-source,10,0.500,5,0.500
1186,null-source,9,0.500,2,0.500
1187,null-source,7,0.500,2,0.500
1188,null-source,7,1.000
1189,null-source,4,0.500,1,0.500
1190,null-source,2,0.500,1,0.500
1191,null-source,7,0.500,1,0.500
1192,null-source,9,0.500,7,0.500
1193,null-source,2,1.000
1194,null-source,10,0.500,9,0.500
1195,null-source,4,0.500,1,0.500
1196,null-source,7,1.000
1197,null-source,5,0.333,8,0.222,9,0.111,7,0.111,6,0.111,2,0.111
1198,null-source,9,0.500,4,0.500
1199,null-source,8,0.500,2,0.500
1200,null-source,10,0.500,4,0.500
1201,null-source,10,0.500,1,0.500
1202,null-source,10,1.000
1203,null-source,3,1.000
1204,null-source,9,0.500,8,0.500
1205,null-source,7,0.333,10,0.167,4,0.167,3,0.167,2,0.167
1206,null-source,10,0.500,5,0.500
1207,null-source,8,0.500,4,0.500
1208,null-source,5,1.000
1209,null-source,7,0.375,1,0.375,5,0.125,3,0.125
1210,null-source,2,0.500,1,0.500
1211,null-source,10,0.500,8,0.500
1212,null-source,5,1.000
1213,null-source,10,0.500,1,0.500
1214,null-source,7,0.500,2,0.500
1215,null-source,10,0.500,9,0.500
1216,null-source,10,0.500,1,0.500
1217,null-source,9,0.286,5,0.286,8,0.143,6,0.143,3,0.143
1218,null-source,3,0.500,1,0.500
1219,null-source,4,0.500,1,0.500
1220,null-source,9,0.500,1,0.500
1221,null-source,2,0.500,8,0.167,7,0.167,3,0.167
1222,null-source,6,0.500,3,0.500
1223,null-source,7,1.000
1224,null-source,4,0.500,2,0.500
1225,null-source,6,0.500,3,0.500
1226,null-source,6,0.500,3,0.500
1227,null-source,9,1.000
1228,null-source,10,0.500,8,0.500
1229,null-source,10,0.143,7,0.143,6,0.143,5,0.143,4,0.143,3,0.143,1,0.143
1230,null-source,9,0.500,4,0.500
1231,null-source,8,0.500,3,0.500
1232,null-source,7,0.500,4,0.500
1233,null-source,8,0.500,7,0.500
1234,null-source,9,0.500,3,0.500
1235,null-source,10,0.500,7,0.500
1236,null-source,10,0.500,3,0.500
1237,null-source,9,0.286,1,0.286,7,0.143,6,0.143,5,0.143
1238,null-source,7,0.500,1,0.500
1239,null-source,5,0.500,1,0.500
1240,null-source,10,0.500,1,0.500
1241,null-source,7,0.667,1,0.333
1242,null-source,10,0.500,8,0.500
1243,null-source,5,0.500,3,0.500
1244,null-source,9,0.500,8,0.500
1245,null-source,2,0.667,10,0.333
1246,null-source,9,0.500,1,0.500
1247,null-source,7,0.500,6,0.500
1248,null-source,5,0.500,1,0.500
1249,null-source,7,0.750,3,0.250
1250,null-source,9,0.500,5,0.500
1251,null-source,7,0.500,2,0.500
1252,null-source,2,0.500,1,0.500
1253,null-source,7,0.250,3,0.250,9,0.125,6,0.125,2,0.125,1,0.125
1254,null-source,6,0.500,2,0.500
1255,null-source,7,0.500,6,0.500
1256,null-source,8,0.500,6,0.500
1257,null-source,2,0.500,5,0.250,4,0.250
1258,null-source,10,0.500,1,0.500
1259,null-source,10,0.500,7,0.500
1260,null-source,10,0.500,6,0.500
1261,null-source,10,0.500,1,0.500
1262,null-source,8,0.500,5,0.500
1263,null-source,4,1.000
1264,null-source,8,0.500,5,0.500
1265,null-source,9,0.333,8,0.167,7,0.167,6,0.167,5,0.167
1266,null-source,1,1.000
1267,null-source,10,0.500,3,0.500
1268,null-source,7,0.500,4,0.500
1269,null-source,3,0.571,8,0.143,5,0.143,2,0.143
1270,null-source,7,0.500,5,0.500
1271,null-source,6,0.500,1,0.500
1272,null-source,9,0.500,7,0.500
1273,null-source,9,0.250,8,0.250,5,0.250,2,0.250
1274,null-source,9,0.500,2,0.500
1275,null-source,9,0.500,4,0.500
1276,null-source,9,0.500,8,0.500
1277,null-source,3,0.400,9,0.200,5,0.200,1,0.200
1278,null-source,8,0.500,4,0.500
1279,null-source,6,0.500,2,0.500
1280,null-source,4,1.000
1281,null-source,8,0.333,4,0.333,2,0.333
1282,null-source,1,1.000
1283,null-source,9,0.500,1,0.500
1284,null-source,8,1.000
1285,null-source,5,0.500,2,0.500
1286,null-source,8,0.500,2,0.500
1287,null-source,8,0.500,2,0.500
1288,null-source,8,0.500,7,0.500
1289,null-source,8,0.286,6,0.286,7,0.143,5,0.143,3,0.143
1290,null-source,10,0.500,2,0.500
1291,null-source,6,1.000
1292,null-source,8,0.500,6,0.500
1293,null-source,8,0.250,7,0.250,5,0.250,3,0.250
1294,null-source,9,0.500,1,0.500
1295,null-source,9,0.500,8,0.500
1296,null-source,4,0.500,2,0.500
1297,null-source,5,0.500,2,0.500
1298,null-source,10,0.500,6,0.500
1299,null-source,4,0.500,3,0.500
1300,null-source,1,1.000
1301,null-source,7,1.000
1302,null-source,6,0.500,4,0.500
1303,null-source,10,0.500,4,0.500
1304,null-source,4,0.500,3,0.500
1305,null-source,1,0.571,5,0.286,6,0.143
1306,null-source,8,0.500,1,0.500
1307,null-source,2,0.500,1,0.500
1308,null-source,6,0.500,1,0.500
1309,null-source,4,0.667,1,0.333
1310,null-source,10,0.500,3,0.500
1311,null-source,8,0.500,2,0.500
1312,null-source,6,0.500,5,0.500
1313,null-source,5,0.500,4,0.500
1314,null-source,10,1.000
1315,null-source,9,0.500,1,0.500
1316,null-source,6,0.500,3,0.500
1317,null-source,9,0.250,8,0.250,7,0.250,4,0.250
1318,null-source,9,0.500,4,0.500
1319,null-source,3,0.500,1,0.500
1320,null-source,10,0.500,9,0.500
1321,null-source,10,0.200,9,0.200,6,0.200,5,0.200,3,0.200
1322,null-source,10,0.500,9,0.500
1323,null-source,8,0.500,6,0.500
1324,null-source,8,0.500,3,0.500
1325,null-source,3,0.400,6,0.200,5,0.200,2,0.200
1326,null-source,10,0.500,1,0.500
1327,null-source,8,0.500,4,0.500
1328,null-source,5,0.500,2,0.500
1329,null-source,3,0.429,8,0.286,7,0.143,1,0.143
1330,null-source,5,1.000
1331,null-source,10,0.500,4,0.500
1332,null-source,9,0.500,8,0.500
1333,null-source,9,0.286,4,0.286,10,0.143,7,0.143,6,0.143
1334,null-source,9,0.500,1,0.500
1335,null-source,8,0.500,3,0.500
1336,null-source,9,0.500,5,0.500
1337,null-source,10,0.500,9,0.500
1338,null-source,6,0.500,3,0.500
1339,null-source,5,0.500,2,0.500
1340,null-source,10,0.500,3,0.500
1341,null-source,10,0.500,3,0.500
1342,null-source,9,0.500,6,0.500
1343,null-source,4,0.500,1,0.500
1344,null-source,4,0.500,3,0.500
1345,null-source,9,0.300,7,0.300,2,0.200,10,0.100,8,0.100
1346,null-source,10,0.500,6,0.500
1347,null-source,8,0.500,7,0.500
1348,null-source,6,0.500,3,0.500
1349,null-source,8,0.222,7,0.222,6,0.222,2,0.222,1,0.111
1350,null-source,10,0.500,9,0.500
1351,null-source,2,1.000
1352,null-source,9,0.500,7,0.500
1353,null-source,10,0.250,9,0.250,8,0.250,5,0.250
1354,null-source,9,0.500,2,0.500
1355,null-source,9,0.500,2,0.500
1356,null-source,10,1.000
1357,null-source,10,0.250,5,0.250,2,0.250,1,0.250
1358,null-source,5,0.500,2,0.500
1359,null-source,3,0.500,1,0.500
1360,null-source,6,0.500,2,0.500
1361,null-source,7,0.273,8,0.182,6,0.182,4,0.182,9,0.091,3,0.091
1362,null-source,10,0.500,1,0.500
1363,null-source,6,1.000
1364,null-source,7,0.500,3,0.500
1365,null-source,6,0.333,4,0.333,1,0.222,2,0.111
1366,null-source,9,0.500,6,0.500
1367,null-source,6,0.500,4,0.500
1368,null-source,3,0.500,1,0.500
1369,null-source,8,0.250,4,0.250,3,0.250,1,0.250
1370,null-source,8,0.500,3,0.500
1371,null-source,6,0.500,1,0.500
1372,null-source,5,0.500,3,0.500
1373,null-source,2,0.400,10,0.200,9,0.200,1,0.200
1374,null-source,9,0.500,1,0.500
1375,null-source,6,0.500,4,0.500
1376,null-source,8,0.500,4,0.500
1377,null-source,8,0.333,7,0.333,3,0.333
1378,null-source,10,0.500,1,0.500
1379,null-source,7,1.000
1380,null-source,10,0.500,1,0.500
1381,null-source,8,0.500,5,0.500
1382,null-source,8,0.500,6,0.500
1383,null-source,9,0.500,3,0.500
1384,null-source,6,0.500,3,0.500
1385,null-source,2,0.500,6,0.333,10,0.167
1386,null-source,9,0.500,3,0.500
1387,null-source,6,1.000
1388,null-source,5,1.000
1389,null-source,9,0.500,1,0.500
1390,null-source,10,0.500,4,0.500
1391,null-source,9,0.500,6,0.500
1392,null-source,10,0.500,5,0.500
1393,null-source,5,0.500,9,0.333,2,0.167
1394,null-source,6,0.500,5,0.500
1395,null-source,7,0.500,5,0.500
1396,null-source,10,0.500,8,0.500
1397,null-source,10,0.500,4,0.500
1398,null-source,6,0.500,3,0.500
1399,null-source,9,0.500,6,0.500
1400,null-source,8,0.500,1,0.500
1401,null-source,4,0.400,1,0.400,5,0.200
1402,null-source,10,0.500,9,0.500
1403,null-source,10,0.500,3,0.500
1404,null-source,10,0.500,7,0.500
1405,null-source,9,0.500,3,0.500
1406,null-source,4,0.500,2,0.500
1407,null-source,7,1.000
1408,null-source,5,0.500,2,0.500
1409,null-source,3,0.375,7,0.250,10,0.125,9,0.125,8,0.125
1410,null-source,9,0.500,4,0.500
1411,null-source,8,0.500,6,0.500
1412,null-source,10,0.500,1,0.500
1413,null-source,9,0.375,8,0.250,5,0.125,4,0.125,3,0.125
1414,null-source,8,0.500,5,0.500
1415,null-source,10,0.500,7,0.500
1416,null-source,9,0.500,7,0.500
1417,null-source,7,0.375,2,0.250,5,0.125,4,0.125,3,0.125
1418,null-source,5,0.500,3,0.500
1419,null-source,6,0.500,5,0.500
1420,null-source,5,0.500,2,0.500
1421,null-source,9,0.667,3,0.333
1422,null-source,8,0.500,6,0.500
1423,null-source,4,0.500,2,0.500
1424,null-source,5,0.500,4,0.500
1425,null-source,7,0.333,4,0.333,3,0.333
1426,null-source,10,0.500,1,0.500
1427,null-source,7,0.500,6,0.500
1428,null-source,7,0.500,5,0.500
1429,null-source,6,0.400,8,0.200,4,0.200,1,0.200
1430,null-source,10,0.500,7,0.500
1431,null-source,3,0.500,1,0.500
1432,null-source,10,0.500,7,0.500
1433,null-source,10,0.167,8,0.167,7,0.167,3,0.167,2,0.167,1,0.167
1434,null-source,8,0.500,2,0.500
1435,null-source,8,0.500,1,0.500
1436,null-source,4,0.500,1,0.500
1437,null-source,2,1.000
1438,null-source,9,0.500,8,0.500
1439,null-source,8,0.500,5,0.500
1440,null-source,10,0.500,4,0.500
1441,null-source,3,0.250,1,0.250,9,0.125,5,0.125,4,0.125,2,0.125
1442,null-source,10,0.500,4,0.500
1443,null-source,9,0.500,1,0.500
1444,null-source,5,0.500,1,0.500
1445,null-source,10,0.500,2,0.500
1446,null-source,10,1.000
1447,null-source,9,0.500,8,0.500
1448,null-source,7,0.500,1,0.500
1449,null-source,10,0.333,9,0.333,3,0.167,1,0.167
1450,null-source,8,0.500,4,0.500
1451,null-source,10,0.500,7,0.500
1452,null-source,9,0.500,8,0.500
1453,null-source,7,0.333,6,0.250,10,0.083,9,0.083,3,0.083,2,0.083,1,0.083
1454,null-source,7,0.500,1,0.500
1455,null-source,10,0.500,2,0.500
1456,null-source,7,0.500,4,0.500
1457,null-source,7,0.500,4,0.200,6,0.100,3,0.100,1,0.100
1458,null-source,6,0.500,2,0.500
1459,null-source,10,0.500,4,0.500
1460,null-source,6,1.000
1461,null-source,10,0.222,1,0.222,9,0.111,7,0.111,5,0.111,3,0.111,2,0.111
1462,null-source,8,0.500,3,0.500
1463,null-source,8,0.500,1,0.500
1464,null-source,7,0.500,1,0.500
1465,null-source,8,0.286,5,0.286,7,0.143,3,0.143,1,0.143
1466,null-source,4,0.500,2,0.500
1467,null-source,3,1.000
1468,null-source,2,1.000
1469,null-source,1,0.375,10,0.250,2,0.250,7,0.125
1470,null-source,9,0.500,8,0.500
1471,null-source,10,0.500,1,0.500
1472,null-source,7,0.500,4,0.500
1473,null-source,6,0.333,10,0.167,4,0.167,3,0.167,2,0.167
1474,null-source,8,0.500,4,0.500
1475,null-source,9,0.500,2,0.500
1476,null-source,6,0.500,5,0.500
1477,null-source,4,0.500,1,0.500
1478,null-source,10,0.500,8,0.500
1479,null-source,5,0.500,4,0.500
1480,null-source,8,0.500,7,0.500
1481,null-source,5,0.500,4,0.500
1482,null-source,7,0.500,1,0.500
1483,null-source,9,0.500,4,0.500
1484,null-source,8,0.500,1,0.500
1485,null-source,5,0.273,10,0.182,6,0.182,9,0.091,4,0.091,2,0.091,1,0.091
1486,null-source,5,0.500,1,0.500
1487,null-source,10,0.500,4,0.500
1488,null-source,2,1.000
1489,null-source,10,0.400,2,0.400,5,0.200
1490,null-source,6,0.500,2,0.500
1491,null-source,7,0.500,2,0.500
1492,null-source,6,0.500,1,0.500
1493,null-source,7,0.429,4,0.286,10,0.143,9,0.143
1494,null-source,9,0.500,3,0.500
1495,null-source,8,0.500,5,0.500
1496,null-source,10,0.500,5,0.500
1497,null-source,7,0.333,4,0.333,1,0.333
1498,null-source,10,0.500,4,0.500
1499,null-source,9,0.500,5,0.500
1500,null-source,5,0.500,1,0.500
1501,null-source,9,0.250,7,0.250,3,0.250,2,0.250
1502,null-source,8,0.500,3,0.500
1503,null-source,10,0.500,9,0.500
1504,null-source,8,0.500,2,0.500
1505,null-source,4,0.375,8,0.125,7,0.125,6,0.125,5,0.125,3,0.125
1506,null-source,7,0.500,2,0.500
1507,null-source,7,0.500,3,0.500
1508,null-source,6,0.500,4,0.500
1509,null-source,7,0.200,6,0.200,10,0.100,9,0.100,5,0.100,4,0.100,3,0.100,1,0.100
1510,null-source,9,0.500,7,0.500
1511,null-source,4,0.500,3,0.500
1512,null-source,8,0.500,5,0.500
1513,null-source,2,0.375,10,0.125,9,0.125,8,0.125,6,0.125,4,0.125
1514,null-source,6,0.500,1,0.500
1515,null-source,10,0.500,7,0.500
1516,null-source,6,0.500,5,0.500
1517,null-source,2,0.500,4,0.300,5,0.100,3,0.100
1518,null-source,10,0.500,7,0.500
1519,null-source,5,0.500,4,0.500
1520,null-source,6,0.500,3,0.500
1521,null-source,8,0.750,2,0.250
1522,null-source,5,0.500,3,0.500
1523,null-source,5,0.500,4,0.500
1524,null-source,7,0.500,4,0.500
1525,null-source,6,0.333,2,0.333,1,0.333
1526,null-source,6,0.500,2,0.500
1527,null-source,10,1.000
1528,null-source,7,0.500,1,0.500
1529,null-source,10,0.200,9,0.200,8,0.200,4,0.200,3,0.200
1530,null-source,6,0.500,4,0.500
1531,null-source,9,0.500,5,0.500
1532,null-source,10,0.500,6,0.500
1533,null-source,9,0.250,5,0.250,4,0.250,2,0.250
1534,null-source,10,0.500,7,0.500
1535,null-source,8,0.500,6,0.500
1536,null-source,10,0.500,1,0.500
1537,null-source,2,0.750,7,0.250
1538,null-source,5,0.500,3,0.500
1539,null-source,6,0.500,2,0.500
1540,null-source,1,1.000
1541,null-source,5,0.286,2,0.286,10,0.143,3,0.143,1,0.143
1542,null-source,6,0.500,5,0.500
1543,null-source,10,0.500,7,0.500
1544,null-source,7,0.500,1,0.500
1545,null-source,9,0.250,7,0.250,5,0.250,8,0.125,4,0.125
1546,null-source,10,0.500,2,0.500
1547,null-source,8,0.500,1,0.500
1548,null-source,8,0.500,2,0.500
1549,null-source,6,0.250,5,0.250,1,0.250,10,0.125,4,0.125
1550,null-source,9,0.500,8,0.500
1551,null-source,6,0.500,3,0.500
1552,null-source,9,0.500,1,0.500
1553,null-source,7,0.400,10,0.200,9,0.200,3,0.200
1554,null-source,9,0.500,4,0.500
1555,null-source,3,0.500,2,0.500
1556,null-source,6,0.500,4,0.500
1557,null-source,8,0.333,6,0.333,1,0.333
1558,null-source,8,0.500,3,0.500
1559,null-source,10,0.500,7,0.500
1560,null-source,8,1.000
1561,null-source,10,0.250,7,0.250,6,0.250,4,0.250
1562,null-source,10,0.500,6,0.500
1563,null-source,7,0.500,6,0.500
1564,null-source,3,0.500,2,0.500
1565,null-source,7,0.364,10,0.182,6,0.182,8,0.091,5,0.091,3,0.091
1566,null-source,7,1.000
1567,null-source,9,0.500,4,0.500
1568,null-source,6,0.500,1,0.500
1569,null-source,7,0.333,3,0.333,8,0.111,6,0.111,1,0.111
1570,null-source,10,0.500,3,0.500
1571,null-source,4,0.500,2,0.500
1572,null-source,4,0.500,3,0.500
1573,null-source,8,0.500,7,0.250,5,0.250
1574,null-source,10,0.500,5,0.500
1575,null-source,5,0.500,2,0.500
1576,null-source,7,0.500,3,0.500
1577,null-source,7,0.200,3,0.200,9,0.133,6,0.133,2,0.133,8,0.067,5,0.067,1,0.067
1578,null-source,7,0.500,4,0.500
1579,null-source,10,0.500,1,0.500
1580,null-source,4,0.500,1,0.500
1581,null-source,9,0.500,5,0.333,2,0.167
1582,null-source,9,0.500,1,0.500
1583,null-source,5,0.500,4,0.500
1584,null-source,8,0.500,5,0.500
1585,null-source,3,0.429,1,0.286,8,0.143,4,0.143
1586,null-source,10,0.500,3,0.500
1587,null-source,9,0.500,2,0.500
1588,null-source,5,0.500,4,0.500
1589,null-source,7,0.333,1,0.333,4,0.167,3,0.167
1590,null-source,9,0.500,5,0.500
1591,null-source,9,0.500,7,0.500
1592,null-source,7,0.500,1,0.500
1593,null-source,9,0.167,8,0.167,6,0.167,5,0.167,4,0.167,2,0.167
1594,null-source,2,0.500,1,0.500
1595,null-source,10,0.500,9,0.500
1596,null-source,9,0.500,4,0.500
1597,null-source,7,0.273,6,0.182,2,0.182,1,0.182,9,0.091,3,0.091
1598,null-source,5,0.500,4,0.500
1599,null-source,9,0.500,7,0.500
1600,null-source,5,0.500,1,0.500
1601,null-source,8,0.500,4,0.500
1602,null-source,8,0.500,7,0.500
1603,null-source,10,0.500,5,0.500
1604,null-source,5,1.000
1605,null-source,3,0.286,2,0.286,9,0.143,7,0.143,6,0.143
1606,null-source,10,0.500,6,0.500
