topicId,words..
1,food week follow ready mary pop drink free chocolate bit
2,xxx happy recipe today beautiful post edible grant wait ve
3,baking restaurant hotel eats great day love champagne disaspirational cup
4,london made means baker fashion life don ian warming sustainable
5,xf uk tasting farmers healthier veg xb hope break future
6,amp eat world back people inspiration focused team fan http
7,xe xa blog tea healthy win perfect remember red crispy
8,live tonight amazing bake menu fantastic dorret biscuits launching kind
9,cake birthday wine friday market cream cafe almond support pick
10,good make meet day lovely devon vote kale time read
